<?xml version="1.0" encoding="UTF-8"?>
<!DOCTYPE hibernate-configuration PUBLIC
		"-//Hibernate/Hibernate Configuration DTD 3.0//EN"
		"http://www.hibernate.org/dtd/hibernate-configuration-3.0.dtd">
<hibernate-configuration>
    <session-factory>
    	<property name="hibernate.connection.datasource">java:comp/env/jdbc/TestDB</property>
        <property name="hibernate.show_sql">true</property> 
        <property name="hibernate.dialect">org.hibernate.dialect.SQLServerDialect</property>
		<property name="hibernate.current_session_context_class">thread</property>
		<mapping class="model.CustomerBean"/>
		<mapping class="model.ProductBean" />    
    </session-factory>
</hibernate-configuration>
